{"xbox":{"front":{"face shell":[[[0.998769987699877,0.6155866900175131],[0.9317343173431735,0.3309982486865149],[0.7380073800738007,0.44746059544658495],[0.7337023370233703,0.5840630472854641],[0.6808118081180812,0.6996497373029772],[0.8480934809348093,0.999124343257443],[0.998769987699877,0.999124343257443],[0.998769987699877,0.4323493234932349]],[[0.0012300123001230013,0.6155866900175131],[0.06826568265682657,0.3309982486865149],[0.26199261992619927,0.44746059544658495],[0.26629766297662977,0.5840630472854641],[0.3191881918819188,0.6996497373029772],[0.15190651906519065,0.999124343257443],[0.0012300123001230013,0.999124343257443],[0.0012300123001230013,0.4323493234932349]]],"Left Thumbstick":[[[0.3031980319803198,0.07880910683012259],[0.12730627306273062,0.13922942206654992],[0.06826568265682657,0.3309982486865149],[0.26199261992619927,0.44746059544658495],[0.36592865928659285,0.330122591943958],[0.3628536285362854,0.15411558669001751],[0.3031980319803198,0.07880910683012259]]],"Buttons":[[[0.6968019680196802,0.07880910683012259],[0.8726937269372693,0.13922942206654992],[0.9317343173431735,0.3309982486865149],[0.7380073800738007,0.44746059544658495],[0.6340713407134071,0.330122591943958],[0.6371463714637147,0.15411558669001751],[0.6968019680196802,0.07880910683012259]]],"dpad":[[[0.26629766297662977,0.5840630472854641],[0.26199261992619927,0.44746059544658495],[0.36592865928659285,0.330122591943958],[0.5,0.36514886164623467],[0.5,0.490159901599016],[0.3191881918819188,0.6996497373029772],[0.26629766297662977,0.5840630472854641]]],"Right Thumbstick":[[[0.7337023370233703,0.5840630472854641],[0.7380073800738007,0.44746059544658495],[0.6340713407134071,0.330122591943958],[0.5,0.36514886164623467],[0.5,0.490159901599016],[0.6808118081180812,0.6996497373029772],[0.7337023370233703,0.5840630472854641]]],"start/select":[[[0.5,0.2136602451838879],[0.3628536285362854,0.15411558669001751],[0.36592865928659285,0.330122591943958],[0.5,0.36514886164623467],[0.6340713407134071,0.330122591943958],[0.6371463714637147,0.15411558669001751],[0.5,0.2136602451838879]]],"bumpers":[[[0.6968019680196802,0.07880910683012259],[0.5,0.06654991243432574],[0.3031980319803198,0.07880910683012259],[0.12730627306273062,0.13922942206654992],[0.13899138991389914,0.0008756567425569177],[0.8610086100861009,0.0008756567425569177],[0.8726937269372693,0.13922942206654992],[0.6968019680196802,0.07880910683012259]]],"led/guide":[[[0.3031980319803198,0.07880910683012259],[0.3628536285362854,0.15411558669001751],[0.5,0.2136602451838879],[0.6371463714637147,0.15411558669001751],[0.6968019680196802,0.07880910683012259],[0.5,0.06654991243432574],[0.3031980319803198,0.07880910683012259]]]},"back":{"back side":[[[0.2964329643296433,0.7267950963222417],[0.11193111931119311,1],[0.1795817958179582,0.7092819614711033],[0.22693726937269373,0.39404553415061294],[0.23677736777367775,0.1830122591943958],[0.2767527675276753,0.1637478108581436],[0.3173431734317343,0.10332749562171628],[0.3198031980319803,0.4763572679509632],[0.4993849938499385,0.47810858143607704],[0.6789667896678967,0.4763572679509632],[0.6814268142681427,0.10332749562171628],[0.7220172201722017,0.1637478108581436],[0.7619926199261993,0.1830122591943958],[0.7718327183271833,0.39404553415061294],[0.8191881918819188,0.7092819614711033],[0.8868388683886839,1],[0.7023370233702337,0.7267950963222417],[0.4993849938499385,0.7171628721541156],[0.2964329643296433,0.7267950963222417]]],"side rails":[[[0,1],[0.11193111931119311,1],[0.1795817958179582,0.7092819614711033],[0.22693726937269373,0.39404553415061294],[0.23677736777367775,0.1830122591943958],[0.1974169741697417,0.202276707530648],[0.15190651906519065,0.2075306479859895],[0.1002460024600246,0.17600700525394045],[0,0.5621716287215411],[0,0.7023370233702337]],[[1,1],[0.8880688806888068,1],[0.8204182041820418,0.7092819614711033],[0.7730627306273062,0.39404553415061294],[0.7632226322263223,0.1830122591943958],[0.8025830258302583,0.202276707530648],[0.8480934809348093,0.2075306479859895],[0.8997539975399754,0.17600700525394045],[1,0.5621716287215411],[1,0.7023370233702337]]],"rtlt":[[[0.2767527675276753,0.1637478108581436],[0.31857318573185733,0.10157618213660245],[0.2613776137761378,0.07443082311733801],[0.1881918819188192,0.06742556917688267],[0.14391143911439114,0.06742556917688267],[0.1014760147601476,0.17688266199649738],[0.15190651906519065,0.2075306479859895],[0.1974169741697417,0.202276707530648],[0.2767527675276753,0.1637478108581436]],[[0.7244772447724477,0.1637478108581436],[0.6826568265682657,0.10157618213660245],[0.7398523985239852,0.07443082311733801],[0.8130381303813038,0.06742556917688267],[0.8573185731857319,0.06742556917688267],[0.8997539975399754,0.17688266199649738],[0.8493234932349324,0.2075306479859895],[0.8038130381303813,0.202276707530648],[0.7244772447724477,0.1637478108581436]]],"bumpers":[[[0.1814268142681427,0.0008756567425569177],[0.14391143911439114,0.06742556917688267],[0.1881918819188192,0.06742556917688267],[0.2613776137761378,0.07443082311733801],[0.31857318573185733,0.10157618213660245],[0.5006150061500615,0.10595446584938704],[0.6826568265682657,0.10157618213660245],[0.7398523985239852,0.07443082311733801],[0.8130381303813038,0.06742556917688267],[0.8573185731857319,0.06742556917688267],[0.8198031980319803,0.0008756567425569177],[0.1814268142681427,0.0008756567425569177]]],"battery pack":[[[0.6814268142681427,0.10157618213660245],[0.4993849938499385,0.10605866900175132],[0.3173431734317343,0.10157618213660245],[0.3198031980319803,0.4763152364273205],[0.4993849938499385,0.47810858143607704],[0.6789667896678967,0.4763152364273205],[0.6814268142681427,0.10157618213660245]]]}},"playstation":{"front":{"face shell":[[[0.006224066390041493,0.5717948717948718],[0.061203319502074686,0.3076923076923077],[0.08609958506224066,0.40897435897435896],[0.14730290456431536,0.4666666666666667],[0.24066390041493776,0.48205128205128206],[0.24066390041493776,0.4605809128630705],[0.2863070539419087,0.6384615384615384],[0.2095435684647303,0.8512820512820513],[0.1566390041493776,0.9],[0.054979253112033194,0.8756410256410256],[0.006224066390041493,0.7846153846153846],[0.006224066390041493,0.46265560165975106]],[[0.9937759336099585,0.5717948717948718],[0.9491701244813278,0.3038461538461538],[0.9294605809128631,0.41794871794871796],[0.8568464730290456,0.4897435897435897],[0.7593360995850622,0.48205128205128206],[0.7593360995850622,0.4605809128630705],[0.7136929460580913,0.6384615384615384],[0.7904564315352697,0.8512820512820513],[0.8433609958506224,0.9],[0.9450207468879668,0.8756410256410256],[0.9937759336099585,0.7846153846153846],[0.9937759336099585,0.46265560165975106]]],"buttons":[[[0.6753112033195021,0.37435897435897436],[0.6784232365145229,0.2923076923076923],[0.7676348547717843,0.18076923076923077],[0.9076763485477178,0.17307692307692307],[0.9491701244813278,0.3038461538461538],[0.9294605809128631,0.41794871794871796],[0.8568464730290456,0.4897435897435897],[0.7593360995850622,0.48205128205128206],[0.6753112033195021,0.37435897435897436]]],"left stick":[[[0.3993775933609959,0.3858974358974359],[0.32468879668049794,0.37435897435897436],[0.24066390041493776,0.48205128205128206],[0.24066390041493776,0.4605809128630705],[0.2863070539419087,0.6384615384615384],[0.3682572614107884,0.6487179487179487],[0.42946058091286304,0.6115384615384616],[0.4533195020746888,0.5461538461538461],[0.4470954356846473,0.45256410256410257],[0.3993775933609959,0.3858974358974359]]],"right stick":[[[0.6006224066390041,0.3858974358974359],[0.6753112033195021,0.37435897435897436],[0.7593360995850622,0.48205128205128206],[0.7593360995850622,0.4605809128630705],[0.7136929460580913,0.6384615384615384],[0.6317427385892116,0.6487179487179487],[0.5705394190871369,0.6115384615384616],[0.5466804979253111,0.5461538461538461],[0.5529045643153527,0.45256410256410257],[0.6006224066390041,0.3858974358974359]]],