{"xbox":{"front":{"Left Thumbstick":[[[0.3031980319803198,0.07880910683012259],[0.15682656826568267,0.1295971978984238],[0,0.1690017513134851],[0,0.1795817958179582],[0.26199261992619927,0.44746059544658495],[0.36592865928659285,0.330122591943958],[0.3628536285362854,0.15411558669001751],[0.3031980319803198,0.07880910683012259]]],"Buttons":[[[0.6968019680196802,0.07880910683012259],[0.8431734317343174,0.1295971978984238],[1,0.1690017513134851],[1,0.1795817958179582],[0.7380073800738007,0.44746059544658495],[0.6340713407134071,0.330122591943958],[0.6371463714637147,0.15411558669001751],[0.6968019680196802,0.07880910683012259]]],"dpad":[[[0.26629766297662977,0.5840630472854641],[0.26199261992619927,0.44746059544658495],[0.36592865928659285,0.330122591943958],[0.5,0.36514886164623467],[0.5,0.490159901599016],[0.3191881918819188,0.6996497373029772],[0.26629766297662977,0.5840630472854641]]],"Right Thumbstick":[[[0.7337023370233703,0.5840630472854641],[0.7380073800738007,0.44746059544658495],[0.6340713407134071,0.330122591943958],[0.5,0.36514886164623467],[0.5,0.490159901599016],[0.6808118081180812,0.6996497373029772],[0.7337023370233703,0.5840630472854641]]],"start/select":[[[0.5,0.2136602451838879],[0.3628536285362854,0.15411558669001751],[0.36592865928659285,0.330122591943958],[0.5,0.36514886164623467],[0.6340713407134071,0.330122591943958],[0.6371463714637147,0.15411558669001751],[0.5,0.2136602451838879]]],"bumpers":[[[0.0006150061500615006,0.1690017513134851],[0.0006150061500615006,0.0006150061500615006],[1,0],[1,0.11869618696186962],[0.8431734317343174,0.1295971978984238],[0.6968019680196802,0.07880910683012259],[0.5,0.06654991243432574],[0.3031980319803198,0.07880910683012259],[0.15682656826568267,0.1295971978984238],[0.0006150061500615006,0.1690017513134851]]],"led/guide":[[[0.3031980319803198,0.07880910683012259],[0.3628536285362854,0.15411558669001751],[0.5,0.2136602451838879],[0.6371463714637147,0.15411558669001751],[0.6968019680196802,0.07880910683012259],[0.5,0.06654991243432574],[0.3031980319803198,0.07880910683012259]]]},"back":{"side rails":[[[0.8856088560885609,1],[0.7232472324723247,0.1637478108581436],[0.8025830258302583,0.202276707530648],[0.8480934809348093,0.2075306479859895],[0.8997539975399754,0.17600700525394045],[1,0.10683012259194395],[1,0.7023370233702337],[0.8856088560885609,1]],[[0.11439114391143912,1],[0.2767527675276753,0.1637478108581436],[0.1974169741697417,0.202276707530648],[0.15190651906519065,0.2075306479859895],[0.1002460024600246,0.17600700525394045],[0,0.10683012259194395],[0,0.7023370233702337],[0.11439114391143912,1]]],"rtlt":[[[0.7232472324723247,0.1637478108581436],[0.6814268142681427,0.10157618213660245],[0.7386223862238622,0.07443082311733801],[0.8118081180811808,0.06742556917688267],[0.9015990159901599,0.0008756567425569177],[1,0],[1,0.07503075030750307],[0.8985239852398524,0.17688266199649738],[0.8480934809348093,0.2075306479859895],[0.8025830258302583,0.202276707530648],[0.7232472324723247,0.1637478108581436]],[[0.2767527675276753,0.1637478108581436],[0.31857318573185733,0.10157618213660245],[0.2613776137761378,0.07443082311733801],[0.1881918819188192,0.06742556917688267],[0.0984009840098401,0.0008756567425569177],[0,0],[0,0.07503075030750307],[0.1014760147601476,0.17688266199649738],[0.15190651906519065,0.2075306479859895],[0.1974169741697417,0.202276707530648],[0.2767527675276753,0.1637478108581436]]],"bumpers":[[[0.9028290282902829,0.0008756567425569177],[0.8130381303813038,0.06742556917688267],[0.7398523985239852,0.07443082311733801],[0.6826568265682657,0.10157618213660245],[0.5006150061500615,0.10595446584938704],[0.31857318573185733,0.10157618213660245],[0.2613776137761378,0.07443082311733801],[0.1881918819188192,0.06742556917688267],[0.0984009840098401,0.0008756567425569177],[0.9028290282902829,0.0008756567425569177]]],"battery pack":[[[0.6814268142681427,0.10157618213660245],[0.4993849938499385,0.10605866900175132],[0.3173431734317343,0.10157618213660245],[0.3198031980319803,0.4763152364273205],[0.4993849938499385,0.47810858143607704],[0.6789667896678967,0.4763152364273205],[0.6814268142681427,0.10157618213660245]],[[0.6814268142681427,0.10157618213660245],[0.4993849938499385,0.10605866900175132],[0.3173431734317343,0.10157618213660245],[0.3198031980319803,0.4763152364273205],[0.4993849938499385,0.47810858143607704],[0.6789667896678967,0.4763152364273205],[0.6814268142681427,0.10157618213660245]]]}},"playstation":{"front":{"buttons":[[[0.6753112033195021,0.37435897435897436],[0.6784232365145229,0.2923076923076923],[0.7676348547717843,0.18076923076923077],[0.9076763485477178,0.17307692307692307],[0.9491701244813278,0.3038461538461538],[0.9294605809128631,0.41794871794871796],[0.8568464730290456,0.4897435897435897],[0.7593360995850622,0.48205128205128206],[0.6753112033195021,0.37435897435897436]]],"left stick":[[[0.3993775933609959,0.3858974358974359],[0.32468879668049794,0.37435897435897436],[0.24066390041493776,0.48205128205128206],[0.24066390041493776,0.4605809128630705],[0.2863070539419087,0.6384615384615384],[0.3682572614107884,0.6487179487179487],[0.42946058091286304,0.6115384615384616],[0.4533195020746888,0.5461538461538461],[0.4470954356846473,0.45256410256410257],[0.3993775933609959,0.3858974358974359]]],"right stick":[[[0.6006224066390041,0.3858974358974359],[0.6753112033195021,0.37435897435897436],[0.7593360995850622,0.48205128205128206],[0.7593360995850622,0.4605809128630705],[0.7136929460580913,0.6384615384615384],[0.6317427385892116,0.6487179487179487],[0.5705394190871369,0.6115384615384616],[0.5466804979253111,0.5461538461538461],[0.5529045643153527,0.45256410256410257],[0.6006224066390041,0.3858974358974359]]],"d pad":[[[0.32468879668049794,0.37435897435897436],[0.32468879668049794,0.22821576763485477],[0.23340248962655602,0.17307692307692307],[0.09232365145228216,0.17307692307692307],[0.061203319502074686,0.3076923076923077],[0.08609958506224066,0.40897435897435896],[0.14730290456431536,0.4666666666666667],[0.24066390041493776,0.48205128205128206],[0.32468879668049794,0.37435897435897436]]],"rtltrblb":[[[0.11929460580912864,0.0641025641025641],[0.09232365145228216,0.17307692307692307],[0.23340248962655602,0.17307692307692307],[0.2821576763485477,0.14615384615384616],[0.2925311203319502,0.08205128205128205],[0.2437759336099585,0.035897435897435895],[0.17427385892116182,0.038461538461538464],[0.11929460580912864,0.0641025641025641]],[[0.8807053941908713,0.0641025641025641],[0.9076763485477178,0.17307692307692307],[0.7676348547717843,0.18076923076923077],[0.7178423236514523,0.14615384615384616],[0.7074688796680498,0.08205128205128205],[0.7562240663900415,0.035897435897435895],[0.8257261410788381,0.038461538461538464],[0.8807053941908713,0.0641025641025641]]],"ps":[[[0.5,0.4205128205128205],[0.4470954356846473,0.45256410256410257],[0.4533195020746888,0.5461538461538461],[0.4387966804979253,0.5858974358974359],[0.5,0.6025641025641025],[0.5612033195020747,0.5858974358974359],[0.5466804979253111,0.5461538461538461],[0.5529045643153527,0.45256410256410257],[0.5,0.4205128205128205]]],"option selection":[[[0.3381742738589212,0.14743589743589744],[0.2821576763485477,0.14615384615384616],[0.23340248962655602,0.17307692307692307],[0.32468879668049794,0.28205128205128205],[0.3381742738589212,0.14743589743589744]],[[0.6618257261410788,0.14743589743589744],[0.7178423236514523,0.14615384615384616],[0.7676348547717843,0.18076923076923077],[0.6784232365145229,0.2923076923076923],[0.6618257261410788,0.14743589743589744]]],