{"side rails":[[[0.20602706027060272,0.5332749562171629],[0.23862238622386223,0.17513134851138354],[0.15621156211562115,0.18739054290718038],[0.14391143911439114,0.1672504378283713],[0,0.05604203152364273],[0.7023370233702337,0.05604203152364273],[null,0.1070110701107011],[0.20602706027060272,0.5332749562171629]],[[0.7939729397293973,0.5332749562171629],[0.7613776137761378,0.17513134851138354],[0.8437884378843789,0.18739054290718038],[0.8560885608856088,0.1672504378283713],[1,0.05604203152364273],[0.7023370233702337,0.05604203152364273],[null,0.8929889298892989],[0.7939729397293973,0.5332749562171629]]],"rt lt":[[[0.14391143911439114,0.1672504378283713],[0,0.05516637478108581],[0,0.05516637478108581],[null,0.0971709717097171],[0.1881918819188192,0.06742556917688267],[0.3025830258302583,0.10245183887915937],[0.2767527675276753,0.1532399299474606],[0.23862238622386223,0.17513134851138354],[0.15621156211562115,0.18739054290718038],[0.14391143911439114,0.1672504378283713]],[[0.8560885608856088,0.1672504378283713],[1,0.05516637478108581],[0,0.05516637478108581],[null,0.9028290282902829],[0.8118081180811808,0.06742556917688267],[0.6974169741697417,0.10245183887915937],[0.7232472324723247,0.1532399299474606],[0.7613776137761378,0.17513134851138354],[0.8437884378843789,0.18739054290718038],[0.8560885608856088,0.1672504378283713]]],"bumpers":[[[0.0971709717097171,0],[0.1881918819188192,0.06742556917688267],[0.3025830258302583,0.10245183887915937],[0.5,0.10683012259194395],[0.6974169741697417,0.10245183887915937],[0.8118081180811808,0.06742556917688267],[0.9028290282902829,0],[null,0.0971709717097171]]],"battery pack":[[[0.3025830258302583,0.10245183887915937],[0.5,0.10683012259194395],[0.6974169741697417,0.10245183887915937],[0.7232472324723247,0.1532399299474606],[0.7613776137761378,0.17513134851138354],[0.6795817958179582,0.46847635726795095],[0.5,0.4702276707530648],[0.3204182041820418,0.46847635726795095],[0.23862238622386223,0.17513134851138354],[0.2767527675276753,0.1532399299474606],[0.3025830258302583,0.10245183887915937]]]}